Origin,Edge,Destination,Description
<button id=1 class='com.google.android.contacts:id/nav_manage' description='Fix & manage'> Fix & manage </button><button id=2 class='com.google.android.contacts:id/highlights' description='Highlights'> Highlights </button><div id=3 class='com.google.android.contacts:id/floating_action_button' description='Create contact'>  </div><div id=4 class='' > Company </div><div id=5 class='' > Email contacts </div><div id=6 class='' > Phone contacts </div><div id=7 class='com.google.android.contacts:id/open_search_bar' description='Open navigation drawer;;More options;;Signed in as Bowen Wang saltyp0rridge20@gmail.comAccount and settings.'> Search contacts    <p> Search contacts </p>    <button id=8 class='com.google.android.contacts:id/selected_account_disc' description='Signed in as Bowen Wang saltyp0rridge20@gmail.comAccount and settings.'>  </button>    <button id=9 class='' description='More options'>  </button>    <div id=10 class='' description='Open navigation drawer'>  </div> </div>,Action: Click on <button id=1 class='com.google.android.contacts:id/nav_manage' description='Fix & manage'> Fix & manage </button>,<button id=1 class='com.google.android.contacts:id/highlights' description='Highlights'> Highlights </button><button id=2 class='com.google.android.contacts:id/contacts' description='Contacts'> Contacts </button><div id=3 class='' > Blocked numbers </div><div id=4 class='' > Family group </div><div id=5 class='' > Settings </div><div id=6 class='' > Trash </div><div id=7 class='' > Import from file </div><div id=8 class='' > Restore contacts </div><div id=9 class='' > Manage SIM </div><div id=10 class='' > Merge & fix </div><button id=11 class='com.google.android.contacts:id/selected_account_disc' description='Signed in as Bowen Wang saltyp0rridge20@gmail.comAccount and settings.'>  </button>,Main interface of the Google Contacts application
<button id=1 class='com.google.android.contacts:id/highlights' description='Highlights'> Highlights </button><button id=2 class='com.google.android.contacts:id/contacts' description='Contacts'> Contacts </button><div id=3 class='' > Blocked numbers </div><div id=4 class='' > Family group </div><div id=5 class='' > Settings </div><div id=6 class='' > Trash </div><div id=7 class='' > Import from file </div><div id=8 class='' > Restore contacts </div><div id=9 class='' > Manage SIM </div><div id=10 class='' > Merge & fix </div><button id=11 class='com.google.android.contacts:id/selected_account_disc' description='Signed in as Bowen Wang saltyp0rridge20@gmail.comAccount and settings.'>  </button>,Action: Click on <div id=7 class='' > Import from file </div>,<div id=1 class='android:id/button2' > Cancel </div><div id=2 class='' > Device </div><div id=3 class='' > Bowen Wang    <p> saltyp0rridge20@gmail.com </p> </div>,Device and user information interface
<div id=1 class='' >  </div><div id=2 class='' > Storage    <p> 48% used - 4.15 GB free </p> </div><div id=3 class='' > Battery    <p> 100% </p> </div><div id=4 class='' > Notifications    <p> Notification history;; conversations </p> </div><div id=5 class='' > Apps    <p> Assistant;; recent apps;; default apps </p> </div><div id=6 class='' > Connected devices    <p> Bluetooth;; pairing </p> </div><div id=7 class='' > Network & internet    <p> Mobile;; Wi‑Fi;; hotspot </p> </div><div id=8 class='com.android.settings:id/search_action_bar' > Search settings </div><button id=9 class='com.android.settings:id/account_avatar' description='Profile picture;; double tap to open Google Account'>  </button>,Action: Click on <div id=4 class='' > Notifications    <p> Notification history;; conversations </p> </div>,<div id=1 class='' description='Enhanced notifications'> Enhanced notifications    <p> Get suggested actions;; replies;; and more </p>    <switch id=2 class='com.android.settings:id/switchWidget' clickable> On </switch> </div><div id=3 class='' > Notification dot on app icon    <switch id=4 class='android:id/switch_widget' clickable> On </switch> </div><div id=5 class='' > Allow notification snoozing    <switch id=6 class='android:id/switch_widget' clickable> Off </switch> </div><div id=7 class='' > Hide silent notifications in status bar    <switch id=8 class='android:id/switch_widget' clickable> Off </switch> </div><div id=9 class='' > Wireless emergency alerts </div><div id=10 class='' > Flash notifications    <p> Off </p> </div><div id=11 class='' > Do Not Disturb    <p> Off </p> </div><div id=12 class='' > Notifications on lock screen    <p> Hide silent conversations and notifications </p> </div><div id=13 class='' > Device & app notifications    <p> Control which apps and devices can read notifications </p> </div><div id=14 class='' description='Navigate up'>  </div>,Notifications settings page with various notification options
<div id=1 class='' description='Enhanced notifications'> Enhanced notifications    <p> Get suggested actions;; replies;; and more </p>    <switch id=2 class='com.android.settings:id/switchWidget' clickable> On </switch> </div><div id=3 class='' > Notification dot on app icon    <switch id=4 class='android:id/switch_widget' clickable> On </switch> </div><div id=5 class='' > Allow notification snoozing    <switch id=6 class='android:id/switch_widget' clickable> Off </switch> </div><div id=7 class='' > Hide silent notifications in status bar    <switch id=8 class='android:id/switch_widget' clickable> Off </switch> </div><div id=9 class='' > Wireless emergency alerts </div><div id=10 class='' > Flash notifications    <p> Off </p> </div><div id=11 class='' > Do Not Disturb    <p> Off </p> </div><div id=12 class='' > Notifications on lock screen    <p> Hide silent conversations and notifications </p> </div><div id=13 class='' > Device & app notifications    <p> Control which apps and devices can read notifications </p> </div><div id=14 class='' description='Navigate up'>  </div>,Action: Click on <div id=9 class='' > Wireless emergency alerts </div>,<div id=1 class='' > State and local tests    <p> Receive test messages from state and local authorities </p>    <switch id=2 class='android:id/switch_widget' clickable> Off </switch> </div><div id=3 class='' > Public safety messages    <p> Recommended actions that can save lives or property </p>    <switch id=4 class='android:id/switch_widget' clickable> Off </switch> </div><div id=5 class='' > AMBER alerts    <p> Child abduction emergency bulletins </p>    <switch id=6 class='android:id/switch_widget' clickable> Off </switch> </div><div id=7 class='' > Severe threats    <p> Severe threats to life and property </p>    <switch id=8 class='android:id/switch_widget' clickable> Off </switch> </div><div id=9 class='' > Extreme threats    <p> Extreme threats to life and property </p>    <switch id=10 class='android:id/switch_widget' clickable> Off </switch> </div><button id=11 class='' > Allow alerts    <div id=12 class='com.google.android.cellbroadcastreceiver:id/settingslib_main_switch_bar' > Allow alerts </div>    <switch id=13 class='android:id/switch_widget' clickable> Off </switch> </button><div id=14 class='' description='Navigate up'>  </div>,Emergency alert settings page
<div id=1 class='' > Tips & support    <p> Help articles;; phone & chat </p> </div><div id=2 class='' > About emulated device    <p> sdk_gphone64_arm64 </p> </div><div id=3 class='' > System    <p> Languages;; gestures;; time;; backup </p> </div><div id=4 class='' > Google    <p> Services & preferences </p> </div><div id=5 class='' > Digital Wellbeing & parental controls    <p> Screen time;; app timers;; bedtime schedules </p> </div><div id=6 class='' > Passwords & accounts    <p> Saved passwords;; autofill;; synced accounts </p> </div><div id=7 class='' > Safety & emergency    <p> Emergency SOS;; medical info;; alerts </p> </div><div id=8 class='' > Location    <p> On - 4 apps have access to location </p> </div><div id=9 class='com.android.settings:id/search_action_bar' > Search settings </div>,Action: Click on <div id=3 class='' > System    <p> Languages;; gestures;; time;; backup </p> </div>,<div id=1 class='' > Reset options </div><div id=2 class='' > Multiple users    <p> Signed in as Owner </p> </div><div id=3 class='' > Rules    <p> 0 rules </p> </div><div id=4 class='' > System update    <p> Updated to Android 14 </p> </div><div id=5 class='' > Backup </div><div id=6 class='' > Date & time    <p> GMT+08:00 China Standard Time </p> </div><div id=7 class='' > Gestures </div><div id=8 class='' > Navigation mode    <p> Gesture navigation </p> </div><div id=9 class='' > Live Translate    <p> On </p> </div><div id=10 class='' > Keyboard    <p> On-screen keyboard;; physical keyboard;; tools </p> </div><div id=11 class='' >  </div><div id=12 class='' description='Navigate up'>  </div>,Settings page of the Android system
<div id=1 class='' > Reset options </div><div id=2 class='' > Multiple users    <p> Signed in as Owner </p> </div><div id=3 class='' > Rules    <p> 0 rules </p> </div><div id=4 class='' > System update    <p> Updated to Android 14 </p> </div><div id=5 class='' > Backup </div><div id=6 class='' > Date & time    <p> GMT+08:00 China Standard Time </p> </div><div id=7 class='' > Gestures </div><div id=8 class='' > Navigation mode    <p> Gesture navigation </p> </div><div id=9 class='' > Live Translate    <p> On </p> </div><div id=10 class='' > Keyboard    <p> On-screen keyboard;; physical keyboard;; tools </p> </div><div id=11 class='' >  </div><div id=12 class='' description='Navigate up'>  </div>,Action: Click on <div id=1 class='' > Reset options </div>,<div id=1 class='' > Erase all data (factory reset) </div><div id=2 class='' > Reset app preferences </div><div id=3 class='' > Reset Bluetooth & Wi‑Fi </div><div id=4 class='' > Reset Mobile Network Settings </div><div id=5 class='' description='Navigate up'>  </div>,Reset settings page of the device
<div id=1 class='' > Erase all data (factory reset) </div><div id=2 class='' > Reset app preferences </div><div id=3 class='' > Reset Bluetooth & Wi‑Fi </div><div id=4 class='' > Reset Mobile Network Settings </div><div id=5 class='' description='Navigate up'>  </div>,Action: Click on <div id=4 class='' > Reset Mobile Network Settings </div>,<div id=1 class='com.android.settings:id/initiate_reset_network' > Reset settings </div><div id=2 class='' description='Navigate up'>  </div>,Settings page with an option to reset network settings
<div id=1 class='com.android.settings:id/initiate_reset_network' > Reset settings </div><div id=2 class='' description='Navigate up'>  </div>,Action: Click on <div id=1 class='com.android.settings:id/initiate_reset_network' > Reset settings </div>,<div id=1 class='com.android.settings:id/execute_reset_network' > Reset settings </div><div id=2 class='' description='Navigate up'>  </div>,Network settings page of the Android system
<div id=1 class='' > Tips & support    <p> Help articles;; phone & chat </p> </div><div id=2 class='' > About emulated device    <p> sdk_gphone64_arm64 </p> </div><div id=3 class='' > System    <p> Languages;; gestures;; time;; backup </p> </div><div id=4 class='' > Google    <p> Services & preferences </p> </div><div id=5 class='' > Digital Wellbeing & parental controls    <p> Screen time;; app timers;; bedtime schedules </p> </div><div id=6 class='' > Passwords & accounts    <p> Saved passwords;; autofill;; synced accounts </p> </div><div id=7 class='' > Safety & emergency    <p> Emergency SOS;; medical info;; alerts </p> </div><div id=8 class='' > Location    <p> On - 4 apps have access to location </p> </div><div id=9 class='com.android.settings:id/search_action_bar' > Search settings </div>,Action: Click on <div id=7 class='' > Safety & emergency    <p> Emergency SOS;; medical info;; alerts </p> </div>,<div id=1 class='' > Wireless emergency alerts </div><div id=2 class='' > Earthquake alerts    <p> On </p> </div><div id=3 class='' > Emergency Location Service    <p> On </p> </div><div id=4 class='' > Emergency SOS    <p> On </p> </div><div id=5 class='' > Emergency information </div><div id=6 class='' description='Navigate up'>  </div>,Emergency settings page of a device
<div id=1 class='' >  </div><div id=2 class='' > System update    <p> Updated to Android 14 </p> </div><div id=3 class='' > Backup </div><div id=4 class='' > Date & time    <p> GMT+08:00 China Standard Time </p> </div><div id=5 class='' > Gestures </div><div id=6 class='' > Navigation mode    <p> Gesture navigation </p> </div><div id=7 class='' > Live Translate    <p> On </p> </div><div id=8 class='' > Keyboard    <p> On-screen keyboard;; physical keyboard;; tools </p> </div><div id=9 class='' > Languages    <p> System languages;; app languages;; speech </p> </div><div id=10 class='' description='Navigate up'>  </div>,Action: Click on <div id=5 class='' > Gestures </div>,"<div id=1 class='' description='Prevent ringing'> Prevent ringing    <p> To enable;; first change ""Press & hold power button"" to the power menu. </p>    <switch id=2 class='com.android.settings:id/switchWidget' clickable> Off </switch> </div><div id=3 class='' > Press & hold power button    <p> Access digital assistant </p> </div><div id=4 class='' > Quickly open camera    <p> On </p> </div><div id=5 class='' description='Navigate up'>  </div>",Settings page where you can adjust phone functionalities
"<div id=1 class='' description='Prevent ringing'> Prevent ringing    <p> To enable;; first change ""Press & hold power button"" to the power menu. </p>    <switch id=2 class='com.android.settings:id/switchWidget' clickable> Off </switch> </div><div id=3 class='' > Press & hold power button    <p> Access digital assistant </p> </div><div id=4 class='' > Quickly open camera    <p> On </p> </div><div id=5 class='' description='Navigate up'>  </div>",Action: Click on <div id=4 class='' > Quickly open camera    <p> On </p> </div>,<div id=1 class='' > Quickly open camera    <p> To quickly open camera;; press the power button twice. Works from any screen. </p>    <switch id=2 class='android:id/switch_widget' clickable> On </switch> </div><div id=3 class='' description='Navigate up'>  </div>,A page describing the quick camera open feature and its settings
<button id=1 class='' description='Meet'>  </button><div id=2 class='com.google.android.gm:id/compose_button' description='Compose'> Compose </div><div id=3 class='com.google.android.gm:id/viewified_conversation_item_view' > Starred;; ;; ;; To: haojian;; ;; Prospective Ph.D Application - Bowen Wang - Tsinghua University - Undergrad.;; Dear Prof. Jin;; My name is Bowen Wang;; a third-year undergraduate student majoring in CS in Tsinghua University;; and researching in PCG-HCI group advised by Prof. Shi and Prof. Yu;; I would like to;; ;;  on Aug 1 </div><div id=4 class='com.google.android.gm:id/viewified_conversation_item_view' > ;; ;; ;; To: unsubscribe.;; ;; ;; Apple“邮件”发送此电子邮件来取消订阅“(null)”邮件。;; ;;  on Aug 2    <p> To: unsubscribe. </p>    <p> Aug 2 </p>    <p> (no subject) </p>    <p> Apple“邮件”发送此电子邮件来取消订阅“(null)”邮件。 </p>    <button id=5 class='com.google.android.gm:id/contact_image' >  </button> </div><div id=6 class='com.google.android.gm:id/viewified_conversation_item_view' description='PDF'> Starred;; Important;; ;; To: Karan;; 7 messages;; Ph.D Application - Tsinghua University - Bowen Wang - Undergrad.;; Dear Prof. I'm thrilled to have your early reply;; and let's have a detailed meeting to discuss everything in alignment. That must be a wonderful experience. Moreover;; I noticed that you;; ;;  on Aug 10;; labels: Inbox;;     <p> To: Karan  7 </p>    <p> Aug 10 </p>    <p> Ph.D Application - Tsinghua University - Bowen Wang - Undergrad. </p>    <p> Dear Prof. I'm thrilled to have your early reply;; and let's have a detailed meeting to discuss everything in alignment. That must be a wonderful experience. Moreover;; I noticed that you </p>    <p> CV </p>    <div id=7 class='com.google.android.gm:id/attachment_name' > CV </div>    <button id=8 class='com.google.android.gm:id/contact_image' >  </button> </div><div id=9 class='com.google.android.gm:id/viewified_conversation_item_view' > ;; ;; ;; To: unsubscribe.;; ;; ;; Apple“邮件”发送此电子邮件来取消订阅“(null)”邮件。;; ;;  on Aug 17    <p> To: unsubscribe. </p>    <p> Aug 17 </p>    <p> (no subject) </p>    <p> Apple“邮件”发送此电子邮件来取消订阅“(null)”邮件。 </p>    <button id=10 class='com.google.android.gm:id/contact_image' >  </button> </div><div id=11 class='com.google.android.gm:id/viewified_conversation_item_view' description='PDF'> Starred;; Important;; ;; To: Haijun;; 8 messages;; Inquiry on Intern at Creativity Lab from a [ Tsinghua Student in Prof. Shi's HCI Lab ];; Dear Prof. I've sent your a zoom meeting link via Google Calendar. Hope everything goes well! Best regards;; Bowen On Sun;; Aug 20;; 2023 at 2:51 AM Haijun Xia <haijunxia@ucsd.edu> wrote: Sounds;; ;;  on Aug 21;; labels: Inbox;;     <p> To: Haijun  8 </p>    <p> Aug 21 </p>    <p> Inquiry on Intern at Creativity Lab from a [ Tsinghua Student in Prof. Shi's HCI Lab ] </p>    <p> Dear Prof. I've sent your a zoom meeting link via Google Calendar. Hope everything goes well! Best regards;; Bowen On Sun;; Aug 20;; 2023 at 2:51 AM Haijun Xia <haijunxia@ucsd.edu> wrote: Sounds </p>    <p> CV </p>    <div id=12 class='com.google.android.gm:id/attachment_name' > CV </div>    <button id=13 class='com.google.android.gm:id/contact_image' >  </button> </div><div id=14 class='com.google.android.gm:id/viewified_conversation_item_view' description='PDF;;PDF'> Starred;; Important;; ;; To: Anhong;; 5 messages;; Prospective Ph.D Application - Bowen Wang - Tsinghua University - Undergrad.;; Dear Prof. Couldn't be better! It's obvious that recently most labs are focusing on CHI;; same as mine. Hope everything goes well in CHI24 and see you then. Best regards;; Bowen On Thu;; Aug 31;;;; ;;  on Aug 31;; labels: Inbox;;     <p> To: Anhong  5 </p>    <p> Aug 31 </p>    <p> Prospective Ph.D Application - Bowen Wang - Tsinghua University - Undergrad. </p>    <p> Dear Prof. Couldn't be better! It's obvious that recently most labs are focusing on CHI;; same as mine. Hope everything goes well in CHI24 and see you then. Best regards;; Bowen On Thu;; Aug 31;; </p>    <p> Transcript_college </p>    <p> CV </p>    <div id=15 class='com.google.android.gm:id/attachment_name' > CV </div>    <div id=16 class='com.google.android.gm:id/attachment_name' > Transcript_college </div>    <button id=17 class='com.google.android.gm:id/contact_image' >  </button> </div><div id=18 class='com.google.android.gm:id/hide_filters_text' > Hide filters </div><button id=19 class='com.google.android.gm:id/conversation_list_filter_icon' description='Filter icon'>  </button><div id=20 class='' > Is unread </div><div id=21 class='' > Date </div><div id=22 class='' > Attachment </div><div id=23 class='' > To </div><div id=24 class='' > Sent </div><div id=25 class='com.google.android.gm:id/open_search' description='Open navigation drawer;;Signed in as Bowen Wang saltyp0rridge20@gmail.comAccount and settings.'> Search in mail    <p> Search in mail </p>    <button id=26 class='com.google.android.gm:id/selected_account_disc_gmail' description='Signed in as Bowen Wang saltyp0rridge20@gmail.comAccount and settings.'>  </button>    <div id=27 class='' description='Open navigation drawer'>  </div> </div>,Action: Click on <div id=14 class='com.google.android.gm:id/viewified_conversation_item_view' description='PDF;;PDF'> Starred;; Important;; ;; To: Anhong;; 5 messages;; Prospective Ph.D Application - Bowen Wang - Tsinghua University - Undergrad.;; Dear Prof. Couldn't be better! It's obvious that recently most labs are focusing on CHI;; same as mine. Hope everything goes well in CHI24 and see you then. Best regards;; Bowen On Thu;; Aug 31;;;; ;;  on Aug 31;; labels: Inbox;;     <p> To: Anhong  5 </p>    <p> Aug 31 </p>    <p> Prospective Ph.D Application - Bowen Wang - Tsinghua University - Undergrad. </p>    <p> Dear Prof. Couldn't be better! It's obvious that recently most labs are focusing on CHI;; same as mine. Hope everything goes well in CHI24 and see you then. Best regards;; Bowen On Thu;; Aug 31;; </p>    <p> Transcript_college </p>    <p> CV </p> </div>,<button id=1 class='' description='Meet'>  </button><button id=2 class='' description='More options'>  </button><div id=3 class='com.google.android.gm:id/inside_conversation_unread' description='Mark unread'>  </div><div id=4 class='com.google.android.gm:id/delete' description='Delete'>  </div><div id=5 class='com.google.android.gm:id/archive' description='Archive'>  </div><div id=6 class='' description='Navigate up'>  </div><div id=7 class='com.google.android.gm:id/upper_header' description='Show contact information for Bowen Wang;;Reply;;More options'> Bowen Wang    <p> Aug 2 </p>    <p> to anhong </p>    <button id=8 class='com.google.android.gm:id/overflow' description='More options'>  </button>    <button id=9 class='com.google.android.gm:id/reply' description='Reply'>  </button>    <div id=10 class='com.google.android.gm:id/recipient_summary_container' > to anhong </div>    <button id=11 class='com.google.android.gm:id/contact_badge' description='Show contact information for Bowen Wang'>  </button> </div><button id=12 class='com.google.android.gm:id/conversation_header_star' description='Remove star'>  </button><div id=13 class='' description=' Prof. Yu'>  Prof. Yu </div><div id=14 class='' description='Prof. Shi '> Prof. Shi  </div><div id=15 class='' description='PCG-HCI group'> PCG-HCI group </div><div id=16 class='' description='Bowen Wang'> Bowen Wang </div>,Email conversation interface on Gmail application
<button id=1 class='' description='Meet'>  </button><button id=2 class='' description='More options'>  </button><div id=3 class='com.google.android.gm:id/inside_conversation_unread' description='Mark unread'>  </div><div id=4 class='com.google.android.gm:id/delete' description='Delete'>  </div><div id=5 class='com.google.android.gm:id/archive' description='Archive'>  </div><div id=6 class='' description='Navigate up'>  </div><div id=7 class='com.google.android.gm:id/upper_header' description='Show contact information for Bowen Wang;;Reply;;More options'> Bowen Wang    <p> Aug 2 </p>    <p> to anhong </p>    <button id=8 class='com.google.android.gm:id/overflow' description='More options'>  </button>    <button id=9 class='com.google.android.gm:id/reply' description='Reply'>  </button>    <div id=10 class='com.google.android.gm:id/recipient_summary_container' > to anhong </div>    <button id=11 class='com.google.android.gm:id/contact_badge' description='Show contact information for Bowen Wang'>  </button> </div><button id=12 class='com.google.android.gm:id/conversation_header_star' description='Remove star'>  </button><div id=13 class='' description=' Prof. Yu'>  Prof. Yu </div><div id=14 class='' description='Prof. Shi '> Prof. Shi  </div><div id=15 class='' description='PCG-HCI group'> PCG-HCI group </div><div id=16 class='' description='Bowen Wang'> Bowen Wang </div>,Action: Click on <button id=2 class='' description='More options'>  </button>,<div id=1 class='' > Help & feedback </div><div id=2 class='' > Add to Tasks </div><div id=3 class='' > Report spam </div><div id=4 class='' > Print all </div><div id=5 class='' > Mute </div><div id=6 class='' > Mark not important </div><div id=7 class='' > Change labels </div><div id=8 class='' > Snooze </div>,Email interaction options in a mail client
<div id=1 class='' > Help & feedback </div><div id=2 class='' > Add to Tasks </div><div id=3 class='' > Report spam </div><div id=4 class='' > Print all </div><div id=5 class='' > Mute </div><div id=6 class='' > Mark not important </div><div id=7 class='' > Change labels </div><div id=8 class='' > Snooze </div>,Action: Click on <div id=7 class='' > Change labels </div>,<div id=1 class='android:id/button1' > OK </div><div id=2 class='android:id/button2' > Cancel </div><div id=3 class='com.google.android.gm:id/folders' description='Notes'> Notes    <div id=4 class='com.google.android.gm:id/checkbox' description='Notes'> Notes </div> </div><div id=5 class='com.google.android.gm:id/folders' description='Inbox'> Inbox    <div id=6 class='com.google.android.gm:id/checkbox' description='Inbox'> Inbox </div> </div>,Gmail app interface with options to select different folders and confirm or cancel actions
<div id=1 class='android:id/button1' > OK </div><div id=2 class='android:id/button2' > Cancel </div><div id=3 class='com.google.android.gm:id/folders' description='Notes'> Notes    <checkbox id=4 class='com.google.android.gm:id/checkbox' unchecked> Notes </checkbox> </div><div id=5 class='com.google.android.gm:id/folders' description='Inbox'> Inbox    <checkbox id=6 class='com.google.android.gm:id/checkbox' checked> Inbox </checkbox> </div>,Action: Click on <checkbox id=4 class='com.google.android.gm:id/checkbox' unchecked> Notes </checkbox>,<div id=1 class='android:id/button1' > OK </div><div id=2 class='android:id/button2' > Cancel </div><div id=3 class='com.google.android.gm:id/folders' description='Notes'> Notes    <checkbox id=4 class='com.google.android.gm:id/checkbox' checked> Notes </checkbox> </div><div id=5 class='com.google.android.gm:id/folders' description='Inbox'> Inbox    <checkbox id=6 class='com.google.android.gm:id/checkbox' checked> Inbox </checkbox> </div>,A selection page for different folders in the Google Mail application
<button id=1 class='' description='Meet'>  </button><button id=2 class='' description='More options'>  </button><div id=3 class='com.google.android.gm:id/inside_conversation_unread' description='Mark unread'>  </div><div id=4 class='com.google.android.gm:id/delete' description='Delete'>  </div><div id=5 class='com.google.android.gm:id/archive' description='Archive'>  </div><div id=6 class='' description='Navigate up'>  </div><div id=7 class='com.google.android.gm:id/upper_header' description='Show contact information for Bowen Wang;;Reply;;More options'> Bowen Wang    <p> Aug 2 </p>    <p> to anhong </p>    <button id=8 class='com.google.android.gm:id/overflow' description='More options'>  </button>    <button id=9 class='com.google.android.gm:id/reply' description='Reply'>  </button>    <div id=10 class='com.google.android.gm:id/recipient_summary_container' > to anhong </div>    <button id=11 class='com.google.android.gm:id/contact_badge' description='Show contact information for Bowen Wang'>  </button> </div><button id=12 class='com.google.android.gm:id/conversation_header_star' description='Remove star'>  </button><div id=13 class='' description=' Prof. Yu'>  Prof. Yu </div><div id=14 class='' description='Prof. Shi '> Prof. Shi  </div><div id=15 class='' description='PCG-HCI group'>  </div><div id=16 class='' description='Bowen Wang'> Bowen Wang </div>,Action: Click on <button id=2 class='' description='More options'>  </button>,<div id=1 class='' > Help & feedback </div><div id=2 class='' > Add to Tasks </div><div id=3 class='' > Report spam </div><div id=4 class='' > Print all </div><div id=5 class='' > Mute </div><div id=6 class='' > Mark not important </div><div id=7 class='' > Change labels </div><div id=8 class='' > Snooze </div>,Email management interface in an email application
<div id=1 class='android:id/button1' > OK </div><div id=2 class='android:id/button2' > Cancel </div><div id=3 class='com.google.android.gm:id/folders' description='Notes'> Notes    <checkbox id=4 class='com.google.android.gm:id/checkbox' Notes> Off </checkbox> </div><div id=5 class='com.google.android.gm:id/folders' description='Inbox'> Inbox    <checkbox id=6 class='com.google.android.gm:id/checkbox' Inbox> On </checkbox> </div>,Action: Click on <checkbox id=4 class='com.google.android.gm:id/checkbox' Notes> Off </checkbox>,<div id=1 class='android:id/button1' > OK </div><div id=2 class='android:id/button2' > Cancel </div><div id=3 class='com.google.android.gm:id/folders' description='Notes'> Notes    <checkbox id=4 class='com.google.android.gm:id/checkbox' Notes> On </checkbox> </div><div id=5 class='com.google.android.gm:id/folders' description='Inbox'> Inbox    <checkbox id=6 class='com.google.android.gm:id/checkbox' Inbox> On </checkbox> </div>,Configuration interface of the Google mail application
<button id=1 class='' description='Meet'>  </button><div id=2 class='com.google.android.gm:id/compose_button' description='Compose'> Compose </div><div id=3 class='com.google.android.gm:id/viewified_conversation_item_view' > Starred;; ;; ;; To: haojian;; ;; Prospective Ph.D Application - Bowen Wang - Tsinghua University - Undergrad.;; Dear Prof. Jin;; My name is Bowen Wang;; a third-year undergraduate student majoring in CS in Tsinghua University;; and researching in PCG-HCI group advised by Prof. Shi and Prof. Yu;; I would like to;; ;;  on Aug 1 </div><div id=4 class='com.google.android.gm:id/viewified_conversation_item_view' > ;; ;; ;; To: unsubscribe.;; ;; ;; Apple“邮件”发送此电子邮件来取消订阅“(null)”邮件。;; ;;  on Aug 2    <p> To: unsubscribe. </p>    <p> Aug 2 </p>    <p> (no subject) </p>    <p> Apple“邮件”发送此电子邮件来取消订阅“(null)”邮件。 </p>    <button id=5 class='com.google.android.gm:id/contact_image' >  </button> </div><div id=6 class='com.google.android.gm:id/viewified_conversation_item_view' description='PDF'> Starred;; Important;; ;; To: Karan;; 7 messages;; Ph.D Application - Tsinghua University - Bowen Wang - Undergrad.;; Dear Prof. I'm thrilled to have your early reply;; and let's have a detailed meeting to discuss everything in alignment. That must be a wonderful experience. Moreover;; I noticed that you;; ;;  on Aug 10;; labels: Inbox;;     <p> To: Karan  7 </p>    <p> Aug 10 </p>    <p> Ph.D Application - Tsinghua University - Bowen Wang - Undergrad. </p>    <p> Dear Prof. I'm thrilled to have your early reply;; and let's have a detailed meeting to discuss everything in alignment. That must be a wonderful experience. Moreover;; I noticed that you </p>    <p> CV </p>    <div id=7 class='com.google.android.gm:id/attachment_name' > CV </div>    <button id=8 class='com.google.android.gm:id/contact_image' >  </button> </div><div id=9 class='com.google.android.gm:id/viewified_conversation_item_view' > ;; ;; ;; To: unsubscribe.;; ;; ;; Apple“邮件”发送此电子邮件来取消订阅“(null)”邮件。;; ;;  on Aug 17    <p> To: unsubscribe. </p>    <p> Aug 17 </p>    <p> (no subject) </p>    <p> Apple“邮件”发送此电子邮件来取消订阅“(null)”邮件。 </p>    <button id=10 class='com.google.android.gm:id/contact_image' >  </button> </div><div id=11 class='com.google.android.gm:id/viewified_conversation_item_view' description='PDF'> Starred;; Important;; ;; To: Haijun;; 8 messages;; Inquiry on Intern at Creativity Lab from a [ Tsinghua Student in Prof. Shi's HCI Lab ];; Dear Prof. I've sent your a zoom meeting link via Google Calendar. Hope everything goes well! Best regards;; Bowen On Sun;; Aug 20;; 2023 at 2:51 AM Haijun Xia <haijunxia@ucsd.edu> wrote: Sounds;; ;;  on Aug 21;; labels: Inbox;;     <p> To: Haijun  8 </p>    <p> Aug 21 </p>    <p> Inquiry on Intern at Creativity Lab from a [ Tsinghua Student in Prof. Shi's HCI Lab ] </p>    <p> Dear Prof. I've sent your a zoom meeting link via Google Calendar. Hope everything goes well! Best regards;; Bowen On Sun;; Aug 20;; 2023 at 2:51 AM Haijun Xia <haijunxia@ucsd.edu> wrote: Sounds </p>    <p> CV </p>    <div id=12 class='com.google.android.gm:id/attachment_name' > CV </div>    <button id=13 class='com.google.android.gm:id/contact_image' >  </button> </div><div id=14 class='com.google.android.gm:id/viewified_conversation_item_view' description='PDF;;PDF'> Starred;; Important;; ;; To: Anhong;; 5 messages;; Prospective Ph.D Application - Bowen Wang - Tsinghua University - Undergrad.;; Dear Prof. Couldn't be better! It's obvious that recently most labs are focusing on CHI;; same as mine. Hope everything goes well in CHI24 and see you then. Best regards;; Bowen On Thu;; Aug 31;;;; ;;  on Aug 31;; labels: Inbox;; Notes;;     <p> To: Anhong  5 </p>    <p> Aug 31 </p>    <p> Prospective Ph.D Application - Bowen Wang - Tsinghua University - Undergrad. </p>    <p> Dear Prof. Couldn't be better! It's obvious that recently most labs are focusing on CHI;; same as mine. Hope everything goes well in CHI24 and see you then. Best regards;; Bowen On Thu;; Aug 31;; </p>    <p> Transcript_college </p>    <p> CV </p>    <div id=15 class='com.google.android.gm:id/attachment_name' > CV </div>    <div id=16 class='com.google.android.gm:id/attachment_name' > Transcript_college </div>    <button id=17 class='com.google.android.gm:id/contact_image' >  </button> </div><div id=18 class='com.google.android.gm:id/hide_filters_text' > Hide filters </div><button id=19 class='com.google.android.gm:id/conversation_list_filter_icon' description='Filter icon'>  </button><div id=20 class='' > Is unread </div><div id=21 class='' > Date </div><div id=22 class='' > Attachment </div><div id=23 class='' > To </div><div id=24 class='' > Sent </div><div id=25 class='com.google.android.gm:id/open_search' description='Open navigation drawer;;Signed in as Bowen Wang saltyp0rridge20@gmail.comAccount and settings.'> Search in mail    <p> Search in mail </p>    <button id=26 class='com.google.android.gm:id/selected_account_disc_gmail' description='Signed in as Bowen Wang saltyp0rridge20@gmail.comAccount and settings.'>  </button>    <div id=27 class='' description='Open navigation drawer'>  </div> </div>,Action: Click on <button id=26 class='com.google.android.gm:id/selected_account_disc_gmail' description='Signed in as Bowen Wang saltyp0rridge20@gmail.comAccount and settings.'>  </button>,<div id=1 class='com.google.android.gm:id/og_tos_button' > Terms of Service </div><div id=2 class='com.google.android.gm:id/og_privacy_policy_button' > Privacy Policy </div><div id=3 class='com.google.android.gm:id/og_card' > Manage accounts on this device </div><div id=4 class='com.google.android.gm:id/og_card' > Add another account </div><div id=5 class='com.google.android.gm:id/og_card' > Storage used: 18% of 15 GB </div><div id=6 class='com.google.android.gm:id/my_account_chip' > Manage your Google Account </div><button id=7 class='com.google.android.gm:id/account_avatar' description='Change profile picture.'>  </button><button id=8 class='com.google.android.gm:id/og_header_close_button' description='Close'>  </button>,Account settings page in a Google account
<button id=1 class='' description='Meet'>  </button><div id=2 class='com.google.android.gm:id/compose_button' description='Compose'> Compose </div><div id=3 class='com.google.android.gm:id/viewified_conversation_item_view' > Starred;; ;; ;; To: haojian;; ;; Prospective Ph.D Application - Bowen Wang - Tsinghua University - Undergrad.;; Dear Prof. Jin;; My name is Bowen Wang;; a third-year undergraduate student majoring in CS in Tsinghua University;; and researching in PCG-HCI group advised by Prof. Shi and Prof. Yu;; I would like to;; ;;  on Aug 1 </div><div id=4 class='com.google.android.gm:id/viewified_conversation_item_view' > ;; ;; ;; To: unsubscribe.;; ;; ;; Apple“邮件”发送此电子邮件来取消订阅“(null)”邮件。;; ;;  on Aug 2    <p> To: unsubscribe. </p>    <p> Aug 2 </p>    <p> (no subject) </p>    <p> Apple“邮件”发送此电子邮件来取消订阅“(null)”邮件。 </p>    <button id=5 class='com.google.android.gm:id/contact_image' >  </button> </div><div id=6 class='com.google.android.gm:id/viewified_conversation_item_view' description='PDF'> Starred;; Important;; ;; To: Karan;; 7 messages;; Ph.D Application - Tsinghua University - Bowen Wang - Undergrad.;; Dear Prof. I'm thrilled to have your early reply;; and let's have a detailed meeting to discuss everything in alignment. That must be a wonderful experience. Moreover;; I noticed that you;; ;;  on Aug 10;; labels: Inbox;;     <p> To: Karan  7 </p>    <p> Aug 10 </p>    <p> Ph.D Application - Tsinghua University - Bowen Wang - Undergrad. </p>    <p> Dear Prof. I'm thrilled to have your early reply;; and let's have a detailed meeting to discuss everything in alignment. That must be a wonderful experience. Moreover;; I noticed that you </p>    <p> CV </p>    <div id=7 class='com.google.android.gm:id/attachment_name' > CV </div>    <button id=8 class='com.google.android.gm:id/contact_image' >  </button> </div><div id=9 class='com.google.android.gm:id/viewified_conversation_item_view' > ;; ;; ;; To: unsubscribe.;; ;; ;; Apple“邮件”发送此电子邮件来取消订阅“(null)”邮件。;; ;;  on Aug 17    <p> To: unsubscribe. </p>    <p> Aug 17 </p>    <p> (no subject) </p>    <p> Apple“邮件”发送此电子邮件来取消订阅“(null)”邮件。 </p>    <button id=10 class='com.google.android.gm:id/contact_image' >  </button> </div><div id=11 class='com.google.android.gm:id/viewified_conversation_item_view' description='PDF'> Starred;; Important;; ;; To: Haijun;; 8 messages;; Inquiry on Intern at Creativity Lab from a [ Tsinghua Student in Prof. Shi's HCI Lab ];; Dear Prof. I've sent your a zoom meeting link via Google Calendar. Hope everything goes well! Best regards;; Bowen On Sun;; Aug 20;; 2023 at 2:51 AM Haijun Xia <haijunxia@ucsd.edu> wrote: Sounds;; ;;  on Aug 21;; labels: Inbox;;     <p> To: Haijun  8 </p>    <p> Aug 21 </p>    <p> Inquiry on Intern at Creativity Lab from a [ Tsinghua Student in Prof. Shi's HCI Lab ] </p>    <p> Dear Prof. I've sent your a zoom meeting link via Google Calendar. Hope everything goes well! Best regards;; Bowen On Sun;; Aug 20;; 2023 at 2:51 AM Haijun Xia <haijunxia@ucsd.edu> wrote: Sounds </p>    <p> CV </p>    <div id=12 class='com.google.android.gm:id/attachment_name' > CV </div>    <button id=13 class='com.google.android.gm:id/contact_image' >  </button> </div><div id=14 class='com.google.android.gm:id/viewified_conversation_item_view' description='PDF;;PDF'> Starred;; Important;; ;; To: Anhong;; 5 messages;; Prospective Ph.D Application - Bowen Wang - Tsinghua University - Undergrad.;; Dear Prof. Couldn't be better! It's obvious that recently most labs are focusing on CHI;; same as mine. Hope everything goes well in CHI24 and see you then. Best regards;; Bowen On Thu;; Aug 31;;;; ;;  on Aug 31;; labels: Inbox;; Notes;;     <p> To: Anhong  5 </p>    <p> Aug 31 </p>    <p> Prospective Ph.D Application - Bowen Wang - Tsinghua University - Undergrad. </p>    <p> Dear Prof. Couldn't be better! It's obvious that recently most labs are focusing on CHI;; same as mine. Hope everything goes well in CHI24 and see you then. Best regards;; Bowen On Thu;; Aug 31;; </p>    <p> Transcript_college </p>    <p> CV </p>    <div id=15 class='com.google.android.gm:id/attachment_name' > CV </div>    <div id=16 class='com.google.android.gm:id/attachment_name' > Transcript_college </div>    <button id=17 class='com.google.android.gm:id/contact_image' >  </button> </div><div id=18 class='com.google.android.gm:id/hide_filters_text' > Hide filters </div><button id=19 class='com.google.android.gm:id/conversation_list_filter_icon' description='Filter icon'>  </button><div id=20 class='' > Exclude calendar updates </div><div id=21 class='' > Is unread </div><div id=22 class='' > Date </div><div id=23 class='' > Attachment </div><div id=24 class='' > To </div><div id=25 class='' > Sent </div><div id=26 class='com.google.android.gm:id/open_search' description='Open navigation drawer;;Signed in as Bowen Wang saltyp0rridge20@gmail.comAccount and settings.'> Search in mail    <p> Search in mail </p>    <button id=27 class='com.google.android.gm:id/selected_account_disc_gmail' description='Signed in as Bowen Wang saltyp0rridge20@gmail.comAccount and settings.'>  </button>    <div id=28 class='' description='Open navigation drawer'>  </div> </div>,Action: Click on <div id=28 class='' description='Open navigation drawer'>  </div>,<div id=1 class='com.google.android.gm:id/hub_drawer_label_container' > Help & feedback </div><div id=2 class='com.google.android.gm:id/hub_drawer_label_container' > Settings </div><div id=3 class='com.google.android.gm:id/hub_drawer_label_container' > Contacts </div><div id=4 class='com.google.android.gm:id/hub_drawer_label_container' > Calendar </div><div id=5 class='com.google.android.gm:id/hub_drawer_label_container' > Notes </div><div id=6 class='com.google.android.gm:id/hub_drawer_label_container' > Trash    <p> 3 </p> </div><div id=7 class='com.google.android.gm:id/hub_drawer_label_container' > Spam    <p> 6 </p> </div><div id=8 class='com.google.android.gm:id/hub_drawer_label_container' > All mail    <p> 59 </p> </div><div id=9 class='com.google.android.gm:id/hub_drawer_label_container' > Drafts </div><div id=10 class='com.google.android.gm:id/hub_drawer_label_container' > Outbox </div><div id=11 class='com.google.android.gm:id/hub_drawer_label_container' > Scheduled </div><div id=12 class='com.google.android.gm:id/hub_drawer_label_container' > Sent </div><div id=13 class='com.google.android.gm:id/hub_drawer_label_container' > Important    <p> 2 </p> </div><div id=14 class='com.google.android.gm:id/hub_drawer_label_container' > Snoozed </div><div id=15 class='com.google.android.gm:id/hub_drawer_label_container' > Starred </div><button id=16 class='' description='Meet'>  </button><div id=17 class='com.google.android.gm:id/compose_button' description='Compose'> Compose </div><div id=18 class='' > Date </div><div id=19 class='' > Attachment </div><div id=20 class='' > To </div><div id=21 class='' > Drafts </div><div id=22 class='com.google.android.gm:id/open_search' description='Open navigation drawer;;Signed in as Bowen Wang saltyp0rridge20@gmail.comAccount and settings.'> Search in mail    <p> Search in mail </p>    <button id=23 class='com.google.android.gm:id/selected_account_disc_gmail' description='Signed in as Bowen Wang saltyp0rridge20@gmail.comAccount and settings.'>  </button>    <div id=24 class='' description='Open navigation drawer'>  </div> </div>,Main interface of the Google Mail application
<div id=1 class='com.google.android.gm:id/hub_drawer_label_container' > Help & feedback </div><div id=2 class='com.google.android.gm:id/hub_drawer_label_container' > Settings </div><div id=3 class='com.google.android.gm:id/hub_drawer_label_container' > Contacts </div><div id=4 class='com.google.android.gm:id/hub_drawer_label_container' > Calendar </div><div id=5 class='com.google.android.gm:id/hub_drawer_label_container' > Notes </div><div id=6 class='com.google.android.gm:id/hub_drawer_label_container' > Trash    <p> 3 </p> </div><div id=7 class='com.google.android.gm:id/hub_drawer_label_container' > Spam    <p> 6 </p> </div><div id=8 class='com.google.android.gm:id/hub_drawer_label_container' > All mail    <p> 59 </p> </div><div id=9 class='com.google.android.gm:id/hub_drawer_label_container' > Drafts </div><div id=10 class='com.google.android.gm:id/hub_drawer_label_container' > Outbox </div><div id=11 class='com.google.android.gm:id/hub_drawer_label_container' > Scheduled </div><div id=12 class='com.google.android.gm:id/hub_drawer_label_container' > Sent </div><div id=13 class='com.google.android.gm:id/hub_drawer_label_container' > Important    <p> 2 </p> </div><div id=14 class='com.google.android.gm:id/hub_drawer_label_container' > Snoozed </div><div id=15 class='com.google.android.gm:id/hub_drawer_label_container' > Starred </div><button id=16 class='' description='Meet'>  </button><div id=17 class='com.google.android.gm:id/compose_button' description='Compose'> Compose </div><div id=18 class='' > Date </div><div id=19 class='' > Attachment </div><div id=20 class='' > To </div><div id=21 class='' > Drafts </div><div id=22 class='com.google.android.gm:id/open_search' description='Open navigation drawer;;Signed in as Bowen Wang saltyp0rridge20@gmail.comAccount and settings.'> Search in mail    <p> Search in mail </p>    <button id=23 class='com.google.android.gm:id/selected_account_disc_gmail' description='Signed in as Bowen Wang saltyp0rridge20@gmail.comAccount and settings.'>  </button>    <div id=24 class='' description='Open navigation drawer'>  </div> </div>,Action: Click on <div id=2 class='com.google.android.gm:id/hub_drawer_label_container' > Settings </div>,<div id=1 class='' > Add account </div><div id=2 class='' > saltyp0rridge20@gmail.com </div><div id=3 class='' > General settings </div><button id=4 class='' description='More options'>  </button><div id=5 class='' description='Navigate up'>  </div>,"Account settings page with options to add accounts, access general settings, and more options"
<div id=1 class='' > Add account </div><div id=2 class='' > saltyp0rridge20@gmail.com </div><div id=3 class='' > General settings </div><button id=4 class='' description='More options'>  </button><div id=5 class='' description='Navigate up'>  </div>,Action: Click on <div id=2 class='' > saltyp0rridge20@gmail.com </div>,<div id=1 class='' > Chat    <p> Show the chat and spaces tabs </p>    <div id=2 class='android:id/checkbox' >  </div> </div><div id=3 class='' > Manage notifications </div><div id=4 class='' > Notification sounds </div><div id=5 class='' > Manage labels </div><div id=6 class='' > Inbox notifications </div><div id=7 class='' > Notifications    <p> All </p> </div><div id=8 class='' > Inbox categories    <p> Primary;; Promotions;; Social </p> </div><div id=9 class='' > Inbox type    <p> Default Inbox </p> </div><div id=10 class='' > Manage your Google Account </div><button id=11 class='' description='More options'>  </button><div id=12 class='' description='Navigate up'>  </div>,Settings page of a mail application with multiple configuration options
<button id=1 class='' description='Meet'>  </button><div id=2 class='com.google.android.gm:id/compose_button' description='Compose'> Compose </div><div id=3 class='com.google.android.gm:id/open_search' description='Open navigation drawer;;Signed in as Bowen Wang saltyp0rridge20@gmail.comAccount and settings.'> Search in mail    <p> Search in mail </p>    <button id=4 class='com.google.android.gm:id/selected_account_disc_gmail' description='Signed in as Bowen Wang saltyp0rridge20@gmail.comAccount and settings.'>  </button>    <div id=5 class='' description='Open navigation drawer'>  </div> </div>,Action: Click on <div id=5 class='' description='Open navigation drawer'>  </div>,<div id=1 class='com.google.android.gm:id/hub_drawer_label_container' > Help & feedback </div><div id=2 class='com.google.android.gm:id/hub_drawer_label_container' > Settings </div><div id=3 class='com.google.android.gm:id/hub_drawer_label_container' > Contacts </div><div id=4 class='com.google.android.gm:id/hub_drawer_label_container' > Calendar </div><div id=5 class='com.google.android.gm:id/hub_drawer_label_container' > Notes </div><div id=6 class='com.google.android.gm:id/hub_drawer_label_container' > Trash    <p> 3 </p> </div><div id=7 class='com.google.android.gm:id/hub_drawer_label_container' > Spam    <p> 6 </p> </div><div id=8 class='com.google.android.gm:id/hub_drawer_label_container' > All mail    <p> 59 </p> </div><div id=9 class='com.google.android.gm:id/hub_drawer_label_container' > Drafts </div><div id=10 class='com.google.android.gm:id/hub_drawer_label_container' > Outbox </div><div id=11 class='com.google.android.gm:id/hub_drawer_label_container' > Scheduled </div><div id=12 class='com.google.android.gm:id/hub_drawer_label_container' > Sent </div><div id=13 class='com.google.android.gm:id/hub_drawer_label_container' > Important    <p> 2 </p> </div><div id=14 class='com.google.android.gm:id/hub_drawer_label_container' > Snoozed </div><div id=15 class='com.google.android.gm:id/hub_drawer_label_container' > Starred </div><button id=16 class='' description='Meet'>  </button><div id=17 class='com.google.android.gm:id/compose_button' description='Compose'> Compose </div><div id=18 class='com.google.android.gm:id/open_search' description='Open navigation drawer;;Signed in as Bowen Wang saltyp0rridge20@gmail.comAccount and settings.'> Search in mail    <p> Search in mail </p>    <button id=19 class='com.google.android.gm:id/selected_account_disc_gmail' description='Signed in as Bowen Wang saltyp0rridge20@gmail.comAccount and settings.'>  </button>    <div id=20 class='' description='Open navigation drawer'>  </div> </div>,Main interface of the Google Mail application
<div id=1 class='com.google.android.gm:id/hub_drawer_label_container' > Help & feedback </div><div id=2 class='com.google.android.gm:id/hub_drawer_label_container' > Settings </div><div id=3 class='com.google.android.gm:id/hub_drawer_label_container' > Contacts </div><div id=4 class='com.google.android.gm:id/hub_drawer_label_container' > Calendar </div><div id=5 class='com.google.android.gm:id/hub_drawer_label_container' > Notes </div><div id=6 class='com.google.android.gm:id/hub_drawer_label_container' > Trash    <p> 3 </p> </div><div id=7 class='com.google.android.gm:id/hub_drawer_label_container' > Spam    <p> 6 </p> </div><div id=8 class='com.google.android.gm:id/hub_drawer_label_container' > All mail    <p> 59 </p> </div><div id=9 class='com.google.android.gm:id/hub_drawer_label_container' > Drafts </div><div id=10 class='com.google.android.gm:id/hub_drawer_label_container' > Outbox </div><div id=11 class='com.google.android.gm:id/hub_drawer_label_container' > Scheduled </div><div id=12 class='com.google.android.gm:id/hub_drawer_label_container' > Sent </div><div id=13 class='com.google.android.gm:id/hub_drawer_label_container' > Important    <p> 2 </p> </div><div id=14 class='com.google.android.gm:id/hub_drawer_label_container' > Snoozed </div><div id=15 class='com.google.android.gm:id/hub_drawer_label_container' > Starred </div><button id=16 class='' description='Meet'>  </button><div id=17 class='com.google.android.gm:id/compose_button' description='Compose'> Compose </div><div id=18 class='com.google.android.gm:id/open_search' description='Open navigation drawer;;Signed in as Bowen Wang saltyp0rridge20@gmail.comAccount and settings.'> Search in mail    <p> Search in mail </p>    <button id=19 class='com.google.android.gm:id/selected_account_disc_gmail' description='Signed in as Bowen Wang saltyp0rridge20@gmail.comAccount and settings.'>  </button>    <div id=20 class='' description='Open navigation drawer'>  </div> </div>,Action: Click on <div id=2 class='com.google.android.gm:id/hub_drawer_label_container' > Settings </div>,<div id=1 class='' > Add account </div><div id=2 class='' > saltyp0rridge20@gmail.com </div><div id=3 class='' > General settings </div><button id=4 class='' description='More options'>  </button><div id=5 class='' description='Navigate up'>  </div>,"Account settings page with options to add accounts, access general settings, and more options"
<div id=1 class='' > Chat    <p> Show the chat and spaces tabs </p>    <div id=2 class='android:id/checkbox' >  </div> </div><div id=3 class='' > Manage notifications </div><div id=4 class='' > Notification sounds </div><div id=5 class='' > Manage labels </div><div id=6 class='' > Inbox notifications </div><div id=7 class='' > Notifications    <p> All </p> </div><div id=8 class='' > Inbox categories    <p> Primary;; Promotions;; Social </p> </div><div id=9 class='' > Inbox type    <p> Default Inbox </p> </div><div id=10 class='' > Manage your Google Account </div><button id=11 class='' description='More options'>  </button><div id=12 class='' description='Navigate up'>  </div>,Action: Click on <div id=8 class='' > Inbox categories    <p> Primary;; Promotions;; Social </p> </div>,<div id=1 class='' > Enable Top Picks    <p> Prioritize up to 2 high-value emails </p>    <div id=2 class='android:id/checkbox' >  </div> </div><div id=3 class='' > Include in Primary    <p> Show all starred messages in Primary </p>    <div id=4 class='android:id/checkbox' >  </div> </div><div id=5 class='' > Forums    <p> Messages from online groups;; discussion boards;; and mailing lists </p>    <div id=6 class='android:id/checkbox' >  </div> </div><div id=7 class='' > Updates    <p> Personal;; auto-generated updates;; including confirmations;; receipts;; bills;; and statements </p>    <div id=8 class='android:id/checkbox' >  </div> </div><div id=9 class='' > Social    <p> Messages from social networks;; media sharing sites;; online dating services </p>    <div id=10 class='android:id/checkbox' >  </div> </div><div id=11 class='' > Promotions    <p> Marketing;; interests;; social and political causes;; and other promotional emails </p>    <div id=12 class='android:id/checkbox' >  </div> </div><div id=13 class='' > Primary    <p> Person-to-person conversations and messages that don't appear in other categories. To receive all mail in one inbox;; uncheck all others. </p> </div><button id=14 class='' description='More options'>  </button><div id=15 class='' description='Navigate up'>  </div>,Email categorization and settings page
<button id=1 class='' description='Meet'>  </button><div id=2 class='com.google.android.gm:id/compose_button' description='Compose'> Compose </div><div id=3 class='com.google.android.gm:id/open_search' description='Open navigation drawer;;Signed in as Bowen Wang saltyp0rridge20@gmail.comAccount and settings.'> Search in mail    <p> Search in mail </p>    <button id=4 class='com.google.android.gm:id/selected_account_disc_gmail' description='Signed in as Bowen Wang saltyp0rridge20@gmail.comAccount and settings.'>  </button>    <div id=5 class='' description='Open navigation drawer'>  </div> </div>,Action: Click on <div id=2 class='com.google.android.gm:id/compose_button' description='Compose'> Compose </div>,<div id=1 class='com.google.android.gm:id/composearea_tap_trap_bottom' >  </div><div id=2 class='' >  </div><div id=3 class='com.google.android.gm:id/subject' > Subject </div><button id=4 class='com.google.android.gm:id/add_cc_bcc' description='Add Cc/Bcc'>  </button><div id=5 class='' >  </div><div id=6 class='com.google.android.gm:id/peoplekit_autocomplete_to_prefix' > To </div><div id=7 class='com.google.android.gm:id/from_label' description='From'> From </div><button id=8 class='' description='More options'>  </button><div id=9 class='com.google.android.gm:id/send' description='Send'>  </div><div id=10 class='com.google.android.gm:id/add_attachment' description='Attach file'>  </div><div id=11 class='' description='Navigate up'>  </div>,Compose email page in the Gmail application
<div id=1 class='com.google.android.gm:id/composearea_tap_trap_bottom' >  </div><div id=2 class='' >  </div><div id=3 class='com.google.android.gm:id/subject' > Subject </div><button id=4 class='com.google.android.gm:id/add_cc_bcc' description='Add Cc/Bcc'>  </button><div id=5 class='' >  </div><div id=6 class='com.google.android.gm:id/peoplekit_autocomplete_to_prefix' > To </div><div id=7 class='com.google.android.gm:id/from_label' description='From'> From </div><button id=8 class='' description='More options'>  </button><div id=9 class='com.google.android.gm:id/send' description='Send'>  </div><div id=10 class='com.google.android.gm:id/add_attachment' description='Attach file'>  </div><div id=11 class='' description='Navigate up'>  </div>,Action: Click on <button id=8 class='' description='More options'>  </button>,<div id=1 class='' > Help & feedback </div><div id=2 class='' > Settings </div><div id=3 class='' > Discard </div><div id=4 class='' description='Save draft disabled'> Save draft </div><div id=5 class='' > Confidential mode </div><div id=6 class='' > Add from Contacts </div><div id=7 class='' > Schedule send </div>,Email composition interface with a menu of options
<div id=1 class='' > Help & feedback </div><div id=2 class='' > Settings </div><div id=3 class='' > Discard </div><div id=4 class='' description='Save draft disabled'> Save draft </div><div id=5 class='' > Confidential mode </div><div id=6 class='' > Add from Contacts </div><div id=7 class='' > Schedule send </div>,Action: Click on <div id=7 class='' > Schedule send </div>,<div id=1 class='' > Pick date & time </div><div id=2 class='' > Monday morning    <p> Oct 9;; 08:00 </p> </div><div id=3 class='' > Tomorrow afternoon    <p> Oct 8;; 13:00 </p> </div><div id=4 class='' > Tomorrow morning    <p> Oct 8;; 08:00 </p> </div>,Time and date selection interface
<div id=1 class='com.android.chrome:id/menu_button' description='More options'>  </div><div id=2 class='com.android.chrome:id/tab_switcher_button' description='Switch or close tabs'>  </div><div id=3 class='com.android.chrome:id/optional_toolbar_button' description='Manage account'>  </div><div id=4 class='com.android.chrome:id/home_button' description='Home'>  </div><div id=5 class='com.android.chrome:id/header_menu' description='Options for Discover'>  </div><button id=6 class='' description='Navigate: V2EX: www.v2ex.com'> V2EX </button><button id=7 class='' description='Navigate: 维基百科: zh.m.wikipedia.org'> 维基百科 </button><button id=8 class='' description='Navigate: GitHub: github.com'> GitHub </button><button id=9 class='' description='Navigate: Facebook: m.facebook.com'> Facebook </button><button id=10 class='' description='Navigate: 百度: www.baidu.com'> 百度 </button><button id=11 class='' description='Navigate: 虎扑体育-虎扑网: www.hupu.com'> 虎扑体育-虎扑网 </button><button id=12 class='' description='Navigate: Decoder: localhost'> Decoder </button><button id=13 class='' description='Navigate: 首页 - YouTube: m.youtube.com'> 首页 - YouTube </button><button id=14 class='com.android.chrome:id/lens_camera_button' description='Search with your camera using Google Lens'>  </button><button id=15 class='com.android.chrome:id/voice_search_button' description='Start voice search'>  </button><div id=16 class='com.android.chrome:id/search_box_text' > Search or type web address </div>,Action: Click on <div id=1 class='com.android.chrome:id/menu_button' description='More options'>  </div>,<div id=1 class='com.android.chrome:id/help_id' description='Help & feedback'> Help & feedback </div><div id=2 class='com.android.chrome:id/preferences_id' description='Settings'> Settings </div><div id=3 class='com.android.chrome:id/divider_line_id' >  </div><div id=4 class='com.android.chrome:id/recent_tabs_menu_id' description='Recent tabs'> Recent tabs </div><div id=5 class='com.android.chrome:id/all_bookmarks_menu_id' description='Bookmarks'> Bookmarks </div><div id=6 class='com.android.chrome:id/downloads_menu_id' description='Downloads'> Downloads </div><div id=7 class='com.android.chrome:id/open_history_menu_id' description='History'> History </div><div id=8 class='com.android.chrome:id/divider_line_id' >  </div><div id=9 class='com.android.chrome:id/new_incognito_tab_menu_id' description='New Incognito tab'> New Incognito tab </div><div id=10 class='com.android.chrome:id/new_tab_menu_id' description='New tab'> New tab </div><div id=11 class='com.android.chrome:id/button_five' description='Refresh'>  </div><div id=12 class='com.android.chrome:id/button_four' description='Page info'>  </div><div id=13 class='com.android.chrome:id/button_three' description='Download'>  </div><div id=14 class='com.android.chrome:id/button_two' description='Bookmark'>  </div><div id=15 class='com.android.chrome:id/button_one' description='Forward'>  </div>,Main menu of the Chrome browser
<div id=1 class='com.android.chrome:id/help_id' description='Help & feedback'> Help & feedback </div><div id=2 class='com.android.chrome:id/preferences_id' description='Settings'> Settings </div><div id=3 class='com.android.chrome:id/divider_line_id' >  </div><div id=4 class='com.android.chrome:id/recent_tabs_menu_id' description='Recent tabs'> Recent tabs </div><div id=5 class='com.android.chrome:id/all_bookmarks_menu_id' description='Bookmarks'> Bookmarks </div><div id=6 class='com.android.chrome:id/downloads_menu_id' description='Downloads'> Downloads </div><div id=7 class='com.android.chrome:id/open_history_menu_id' description='History'> History </div><div id=8 class='com.android.chrome:id/divider_line_id' >  </div><div id=9 class='com.android.chrome:id/new_incognito_tab_menu_id' description='New Incognito tab'> New Incognito tab </div><div id=10 class='com.android.chrome:id/new_tab_menu_id' description='New tab'> New tab </div><div id=11 class='com.android.chrome:id/button_five' description='Refresh'>  </div><div id=12 class='com.android.chrome:id/button_four' description='Page info'>  </div><div id=13 class='com.android.chrome:id/button_three' description='Download'>  </div><div id=14 class='com.android.chrome:id/button_two' description='Bookmark'>  </div><div id=15 class='com.android.chrome:id/button_one' description='Forward'>  </div>,Action: Click on <div id=2 class='com.android.chrome:id/preferences_id' description='Settings'> Settings </div>,<div id=1 class='' > About Chrome </div><div id=2 class='' > Downloads </div><div id=3 class='' > Languages </div><div id=4 class='' > Site settings </div><div id=5 class='' > Accessibility </div><div id=6 class='' > Toolbar shortcut </div><div id=7 class='' > Homepage    <p> On </p> </div><div id=8 class='' > Theme </div><div id=9 class='' > Notifications </div><div id=10 class='' > Safety check </div><div id=11 class='' > Privacy and security </div><div id=12 class='' > Addresses and more </div><div id=13 class='' > Payment methods </div><div id=14 class='com.android.chrome:id/menu_id_general_help' description='Help & feedback'>  </div><div id=15 class='' description='Navigate up'>  </div>,Chrome browser settings interface
<div id=1 class='' > About Chrome </div><div id=2 class='' > Downloads </div><div id=3 class='' > Languages </div><div id=4 class='' > Site settings </div><div id=5 class='' > Accessibility </div><div id=6 class='' > Toolbar shortcut </div><div id=7 class='' > Homepage    <p> On </p> </div><div id=8 class='' > Theme </div><div id=9 class='' > Notifications </div><div id=10 class='' > Safety check </div><div id=11 class='' > Privacy and security </div><div id=12 class='' > Addresses and more </div><div id=13 class='' >  </div><div id=14 class='com.android.chrome:id/menu_id_general_help' description='Help & feedback'>  </div><div id=15 class='' description='Navigate up'>  </div>,Action: Click on <div id=4 class='' > Site settings </div>,<div id=1 class='' > Background sync </div><div id=2 class='' > Ads    <p> Blocked on some sites </p> </div><div id=3 class='' > Pop-ups and redirects    <p> Blocked </p> </div><div id=4 class='' > JavaScript    <p> Allowed </p> </div><div id=5 class='' > Notifications    <p> Blocked </p> </div><div id=6 class='' > Motion sensors    <p> Allowed </p> </div><div id=7 class='' > Microphone    <p> Blocked </p> </div><div id=8 class='' > Camera    <p> Blocked </p> </div><div id=9 class='' > Location    <p> Ask first </p> </div><div id=10 class='' > Cookies    <p> Allowed </p> </div><div id=11 class='' > All sites </div><div id=12 class='com.android.chrome:id/menu_id_general_help' description='Help & feedback'>  </div><div id=13 class='' description='Navigate up'>  </div>,Browser settings page displaying the permissions for different aspects
<div id=1 class='' > Background sync </div><div id=2 class='' > Ads    <p> Blocked on some sites </p> </div><div id=3 class='' > Pop-ups and redirects    <p> Blocked </p> </div><div id=4 class='' > JavaScript    <p> Allowed </p> </div><div id=5 class='' > Notifications    <p> Blocked </p> </div><div id=6 class='' > Motion sensors    <p> Allowed </p> </div><div id=7 class='' > Microphone    <p> Blocked </p> </div><div id=8 class='' > Camera    <p> Blocked </p> </div><div id=9 class='' > Location    <p> Ask first </p> </div><div id=10 class='' > Cookies    <p> Allowed </p> </div><div id=11 class='' > All sites </div><div id=12 class='com.android.chrome:id/menu_id_general_help' description='Help & feedback'>  </div><div id=13 class='' description='Navigate up'>  </div>,Action: Click on <div id=5 class='' > Notifications    <p> Blocked </p> </div>,<div id=1 class='' > Notifications    <p> Blocked </p>    <switch id=2 class='com.android.chrome:id/switchWidget' clickable> Off </switch> </div><button id=3 class='' description='More options'>  </button><button id=4 class='com.android.chrome:id/search_button' description='Search'>  </button><div id=5 class='' description='Navigate up'>  </div>,Notification settings page in Chrome
<div id=1 class='' >  </div><div id=2 class='' > Storage    <p> 48% used - 4.15 GB free </p> </div><div id=3 class='' > Battery    <p> 100% </p> </div><div id=4 class='' > Notifications    <p> Notification history;; conversations </p> </div><div id=5 class='' > Apps    <p> Assistant;; recent apps;; default apps </p> </div><div id=6 class='' > Connected devices    <p> Bluetooth;; pairing </p> </div><div id=7 class='' > Network & internet    <p> Mobile;; Wi‑Fi;; hotspot </p> </div><div id=8 class='com.android.settings:id/search_action_bar' > Search settings </div><button id=9 class='com.android.settings:id/account_avatar' description='Profile picture;; double tap to open Google Account'>  </button>,Action: Click on <div id=7 class='' > Network & internet    <p> Mobile;; Wi‑Fi;; hotspot </p> </div>,<div id=1 class='' >  </div><div id=2 class='' > Mobile plan </div><div id=3 class='' > VPN    <p> None </p> </div><div id=4 class='' > Data Saver    <p> Off </p> </div><div id=5 class='' > Hotspot & tethering    <p> Off </p> </div><div id=6 class='' > SIMs    <p> T-Mobile </p> </div><div id=7 class='' > Calls & SMS    <p> T-Mobile </p> </div><div id=8 class='' > Internet    <p> Networks available </p> </div><div id=9 class='' description='Navigate up'>  </div>,Mobile network settings page
<div id=1 class='' >  </div><div id=2 class='' > Mobile plan </div><div id=3 class='' > VPN    <p> None </p> </div><div id=4 class='' > Data Saver    <p> Off </p> </div><div id=5 class='' > Hotspot & tethering    <p> Off </p> </div><div id=6 class='' > SIMs    <p> T-Mobile </p> </div><div id=7 class='' > Calls & SMS    <p> T-Mobile </p> </div><div id=8 class='' > Internet    <p> Networks available </p> </div><div id=9 class='' description='Navigate up'>  </div>,Action: Click on <div id=6 class='' > SIMs    <p> T-Mobile </p> </div>,<div id=1 class='' > T-Mobile    <p> Active / Default for mobile data;; calls;; SMS </p> </div><div id=2 class='' description='Navigate up'>  </div>,Mobile network settings page displaying the current active network
<div id=1 class='' >  </div><div id=2 class='' > Storage    <p> 48% used - 4.15 GB free </p> </div><div id=3 class='' > Battery    <p> 100% </p> </div><div id=4 class='' > Notifications    <p> Notification history;; conversations </p> </div><div id=5 class='' > Apps    <p> Assistant;; recent apps;; default apps </p> </div><div id=6 class='' > Connected devices    <p> Bluetooth;; pairing </p> </div><div id=7 class='' > Network & internet    <p> Mobile;; Wi‑Fi;; hotspot </p> </div><div id=8 class='com.android.settings:id/search_action_bar' > Search settings </div><p class='com.android.settings:id/homepage_title' > Settings </p><button id=9 class='com.android.settings:id/account_avatar' description='Profile picture;; double tap to open Google Account'>  </button>,Action: Click on <div id=7 class='' > Network & internet    <p> Mobile;; Wi‑Fi;; hotspot </p> </div>,<div id=1 class='' >  </div><div id=2 class='' > Mobile plan </div><div id=3 class='' > VPN    <p> None </p> </div><div id=4 class='' > Data Saver    <p> Off </p> </div><div id=5 class='' > Hotspot & tethering    <p> Off </p> </div><div id=6 class='' > SIMs    <p> T-Mobile </p> </div><div id=7 class='' > Calls & SMS    <p> T-Mobile </p> </div><div id=8 class='' > Internet    <p> Networks available </p> </div><div id=9 class='' description='Navigate up'>  </div>,Network settings page of an Android device
